#,partid,Description,qtystock,Identifier,qtyonorder,qtyreserved,supplier,manufacturer,manufactuerpart,notes,cost,costqty,datasheet,Package ID,Footprint,Format,ROHS,Storage,Supplier P/N,Qty at CM,Value on Hand,Value on Order
1,A001,WIEGMANN 12x12x6,0,,0,0,Steven Engineering,Wiegmann,N412121206C,"Enclosure, 12""Hx12""Wx6""D, N4/12, ANSI61 Gray Steel, Hinged Quarter turn Latched Cover, Less Inner Panel",149.97,1,,,,,,,,0,,
2,A002,WIEGMANN 16x16x6,0,,1,0,Steven Engineering,Wiegmann,N412161606C,Enclosure Hinged 6Dx16Wx16H In.,172.39,1,,,,,,,,0,,172.39
3,A003,WIEGMANN 20x20x6,0,,2,1,Steven Engineering,Wiegmann,N412202006C,"Enclosure, 20""Hx20""Wx6""D, N4/12, ANSI61 Gray Steel, Hinged Quarter Turn Latch Cover, Less Inner Panel",204,1,,,,,,,,0,,408
4,A004,WIEGMANN 20x24x8,0,,1,1,Steven Engineering,Wiegmann,N412202408C,"Enclosure, 20""Hx24""Wx8""D, N4/12, ANSI61 Gray Steel, Hinged Quarter Turn Latch Cover, Less Inner Panel",232.915,1,,,,,,,,0,,232.915
5,A010,WIEGMANN 4x4x3,0,,2,1,,Wiegmann,BN4040403," BN4040403 JIC Enclosure 4 Inch Width x 3 Inch Depth x 4 Inch Height, 14 Gauge Steel, ANSI 61 Gray, Wall Moun...",40,1,,,,,,,,0,,80
6,A012,WIEGMANN 6x8x4,0,,0,0,Galco,Wiegmann,BN4080603CH,Enclosure Hinged 3.5D x 6W x 8H inch - GR0468073,56.5,1,,,,,,,,0,,
7,A030,WC20F,1,,0,0,,Polycase,WC-20F,,7.07,1,,,,,,,,0,7.07,
8,A032,WC22F,1,,0,0,Polycase,Polycase,WC22F,,11.19,1,,,,,,,,0,11.19,
9,A033,WC23F Enclosure,13,,0,2,,Polycase,WC23F,,12.59,1,,,,,,,,0,163.67,
10,A034,WC24F Enclosure,1,,0,0,,Polycase,WC24F,6.73 x 4.76 x 2.17 in.,20.67,1,,,,,,,,0,20.67,
11,A035,WC25F Enclosure,1,,0,0,,Polycase,WC25F,8.74 x 5.75 x 2.17 in.,26.97,1,,,,,,,,0,26.97,
12,A901,WIEGMANN 12x12 Back Panel,0,,0,0,Steven Engineering,Wiegmann,NP1212C,Wiegmann NP1212C Back Panel 12-Gauge Carbon Steel White Smooth Hybrid Paint Hole Mount,10.37,1,,,,,,,,0,,
13,A902,WIEGMANN 16x16 Back Panel ,0,,0,0,Steven Engineering,Wiegmann,NP1616C,"Inner Panel, Steel, White",26.89,1,,,,,,,,0,,
14,A903,WIEGMANN 20x20 Back Panel,0,,2,1,Steven Engineering,Wiegmann,NP2020C,Wiegmann NP2020C Back Panel 12-Gauge Carbon Steel White Smooth Hybrid Paint Hole Mount,38.62,1,,,,,,,,0,,77.24
15,A904,WIEGMANN 24x20 Back Panel,0,,1,1,Steven Engineering,Wiegmann,NP2420C,Wiegmann NP2420C Back Panel 12-Gauge Carbon Steel White Smooth Hybrid Paint Hole Mount,50,1,,,,,,,,0,,50
16,A933,"Back panel for WC23F enclosure, finished aluminum",1,,0,0,,,WX-18,,7.34,1,,,,,,,,0,7.34,
17,A934,"Back panel for WC24F enclosure, finished aluminum",1,,0,0,,,WX-22,,8.82,1,,,,,,,,0,8.82,
18,A935,"Back panel for WC25F enclosure, finished aluminum",0,,0,0,,,WX-26,,10.08,1,,,,,,,,0,,
19,B010,1A Terminal Block Breaker,6,,0,1,Eoff,Phoenix Contact,0712194,Phoenix 0712194 TCP 1A Thermal Device Circuit Breaker 1 Amp 250 Volts 8.2 mm Width,12.64,1,http://datasheet.octopart.com/0712194-Phoenix-Contact-datasheet-9782217.pdf,,,,,,,0,75.84,
20,B011,2A Terminal Block Breaker,5,,0,1,Eoff,Phoenix Contact,0712217,Phoenix 0712217 TCP 2A Thermal Device Circuit Breaker 2 Amp 250 Volts 8.2 mm Width,12.1,1,http://datasheet.octopart.com/0712217-Phoenix-Contact-datasheet-32749537.pdf,,,,,,,0,60.5,
21,B012,3A Terminal Block Breaker,2,,0,1,Eoff,Phoenix Contact,0712233,Phoenix 0712233 TCP 3A Thermal Device Circuit Breaker 3 Amp 250 Volts 8.2 mm Width,12.1,1,http://datasheet.octopart.com/0712233-Phoenix-Contact-datasheet-66312.pdf,,,,,,,0,24.2,
22,B013,4A Terminal Block Breaker,1,,0,0,Eoff,Phoenix Contact,0712259,Phoenix 0712259 TCP Series Thermal Device Circuit Breaker 4 Amp 250 Volt AC/65 Volt DC Plug-In Mount ,12.1,1,http://datasheet.octopart.com/0712259-Phoenix-Contact-datasheet-13690829.pdf,,,,,,,0,12.1,
23,B014,6A Terminal Block Breaker,2,,0,6,Eoff,Phoenix Contact,0712275,Phoenix 0712275 TCP 6A Thermal Device Cicuit Breaker 8.2mm Width 250 Volt AC/65 Volt DC,12.1,1,http://datasheet.octopart.com/0712275-Phoenix-Contact-datasheet-13690830.pdf,,,,,,,0,24.2,
24,B015,8A Terminal Block Breaker,0,,0,0,Eoff,Phoenix Contact,0712291,Phoenix 0712291 TCP Series Thermal Device Circuit Breaker 8 Amp 250 Volt AC/65 Volt DC Plug-In Mount,13.5914,1,http://datasheet.octopart.com/0712291-Phoenix-Contact-datasheet-9712786.pdf,,,,,,,0,,
25,B016,10A Terminal Block Breaker,2,,0,0,Eoff,Phoenix Contact,0712314,Phoenix 0712314 TCP Series Thermal Device Circuit Breaker 10 Amp 250 Volt AC/65 Volt DC Plug-In Mount,13.9912,1,http://datasheet.octopart.com/0712314-Phoenix-Contact-datasheet-9566560.pdf,,,,,,,0,27.9824,
26,C001,CuPID Control Base Unit,0,,0,0,II,,,,150,1,,,,,,,,0,,
27,C002,CuPID RS485 Module,0,,0,0,II,,,,50,1,,,,,,,,0,,
28,C003,CuPID Remote,0,,0,0,II,,,,75,1,,,,,,,,0,,
29,C004,CuPID Remote RS485,0,,0,0,II,,,,100,1,,,,,,,,0,,
30,C005,CuPID Brew Panel Unit,0,,0,2,II,,,,350,1,,,,,,,,0,,
31,CAP-107-A,0.1uF Axial Capacitor,0,,0,0,,China,,$2.50 / 100,0.025,1,,,,,,,,0,,
32,D001,433 MHz Antenna,0,,0,0,Mouser,Linx,ANT-433-CW-HWR-SMA,"CW-HW 1/4 Wave Dipole Whip, 433MHz, SMA Tilt Swivel",10.87,1,http://datasheet.octopart.com/ANT-433-CW-HWR-SMA-Linx-datasheet-12550699.pdf,,,,,,,0,,
33,D002,916MHz Antenna,8,,0,3,Mouser,Linx,ANT-916-CW-HWR-SMA,HWR Series 916 MHz Omni Directional SMA Connector Tilt / Rotate Antenna,10.39,1,http://datasheet.octopart.com/ANT-916-CW-HWR-SMA-Linx-datasheet-12547010.pdf,,,,,,,0,83.12,
34,D010,Olimex WiFi with external antenna,6,,0,2,Mouser,Olimex,MOD-WIFI-R5370-ANT,"Module: WiFi; USB 2.0; USB A; Ciphering: AES, WEP, WPA,",11.45,1,,,,,,,,0,68.7,
35,D020,"SMA Extension cable with panel mount, 6""",15,,0,5,,,,,5,1,,,,,,,,0,75,
36,D021,"RP-SMA Cable, 6"" (RF cable)",25,,0,5,,,,Pin is in center of female (thread on oustide) connector,5,1,,,,,,,,0,125,
37,D031,16Gb SD Card,7,,0,2,,,,,10,1,,,,,,,,0,70,
38,E001,Love 4C Voltage Output,0,,0,0,Dwyer,Dwyer Instruments,4C-2,Dwyer 4C-2 1/4 DIN Temperature Controller,99,1,,,,,,,,0,,
39,E002,Love 4C Relay Output,0,,3,3,Dwyer,Dwyer Instruments,4C-3,Dwyer 4C-3 1/4 DIN Temperature Controller,99,1,http://datasheet.octopart.com/4C-3-Dwyer-Instruments-datasheet-23756591.pdf,,,,,,,0,,297
40,E003,Love 4C Current Output,0,,0,0,Dwyer,Dwyer Instruments,4C-5,Dwyer 4C-5 1/4 DIN Temperature Controller,99,1,,,,,,,,0,,
41,E004,Love 16C Voltage Output,0,,0,0,Dwyer,Dwyer Instruments,16C-2,"1/16 DIN temperature controller, current output",80,1,http://datasheet.octopart.com/16C-2-Dwyer-Instruments-datasheet-23756452.pdf,,,,,,,0,,
42,E005,Love 16C Relay Output,7,,0,0,Dwyer,Dwyer Instruments,16C-3,"1/16 DIN temperature controller, relay output",80,1,http://datasheet.octopart.com/16C-3-Dwyer-Instruments-datasheet-23756452.pdf,,,,,,,0,560,
43,E006,Love 16C Current Output,0,,0,0,Dwyer,Dwyer Instruments,16C-5,"1/16 DIN temperature controller, current output",80,1,http://datasheet.octopart.com/16C-5-Dwyer-Instruments-datasheet-23756452.pdf,,,,,,,0,,
44,E029,Lct316-100 Lc Digital Timer - RELAY ONLY ON COUNTDOWN,1,,0,0,,Dwyer Instruments,LCT316-100,,45.9,1,,,,,,,,0,45.9,
45,E030,OMEGA PTC-14 Panel Mount Timer,2,,0,0,Omega,Omega,,,115,1,,,,,,,,0,230,
46,E031,Timer/counter,0,,0,0,Datexel,Pixsys,TCT101-1ABC,http://www.pixsys.net/en/products/timers-counters/tct101,104,1,,,,,,,,0,,
47,E032,Timer,1,,0,0,Auber Instruments,Auber,JSL-73B,"Timer for Beer Brewing, Multi-Events",42.32,1,,,,,,,,0,42.32,
48,E033,Timer,1,,0,0,Auber Instruments,Auber,ASL-52,"MULTIFUNCTION TIMER, COUNTER, TACHOMETER 9~48VDC POWERED",36.5,1,,,,,,,,0,36.5,
49,E040,Raspberry Pi 2 Model b 8gb Noobs Microsd,0,,0,0,Newark,Raspberry Pi,RPI2-MODB-8GB-NOOBS.,,40,1,http://datasheet.octopart.com/RPI2-MODB-8GB-NOOBS.-Raspberry-Pi-datasheet-37140036.pdf,,,,,,,0,,
50,E041,Raspberry Pi 3 no SD Card,1,,3,2,Newark,Raspberry Pi,RPI3,,35,1,http://datasheet.octopart.com/RPI2-MODB-8GB-NOOBS.-Raspberry-Pi-datasheet-37140036.pdf,,,,,,,0,35,105
51,E050,"Panel Meter; Programmable; 2.4-in ColorTouch Screen; Voltage Input, 0-40 VDC",0,,0,0,Dwyer,Dwyer Instruments,SPPM-24,,110,1,http://datasheet.octopart.com/SPPM-24-Dwyer-Instruments-datasheet-21089988.pdf,,,,,,,0,,
52,E060,9-slot PLC Base,0,,0,1,Automation Direct,Automation Direct,D2-09BDC1-1,,238,1,,,,,,,,0,,
53,E061,6-slot PLC Base,0,,0,0,Automation Direct,Automation Direct,D2-06BDC1-1,,194,1,,,,,,,,0,,
54,E065,"AD PLC CPU, Ethernet and Serial",0,,0,0,Automation Direct,,H2-DM1E,,399,1,,,,,,,,0,,
55,E070,AD PLC 4-point Thermocouple Input module,0,,0,3,Automation Direct,Koyo,F2-04THM,,310,1,,,,,,,,0,,
56,E071,AD 8-point analog current input module,0,,0,0,Automation Direct,Koyo,F2-08AD-1,,255,1,,,,,,,,0,,
57,E072,AD 8-point analog voltage input module,0,,0,1,Automation Direct,Koyo,F2-08AD-2,,274,1,,,,,,,,0,,
58,E073,AD PLC 8-point Analog Output Module,0,,0,0,Automation Direct,Koyo,F2-08DA-2,,279,1,,,,,,,,0,,
59,E074,"AD PLC 5 SPST, 3SPDT isolated output Relay output card",0,,0,0,Automation Direct,Koyo,F2-08TRS,"Eight point relay, isolated, 3 form C,5 SPST",103,1,,,,,,,,0,,
60,E075,"DL205 PLC Base 8pt source output, 0.3A per point",0,,0,3,Automation Direct,,D2-08TD2,,58,1,,,,,,,,0,,
61,E077,DL205 16-point sink/source input,0,,0,0,Automation Direct,Koyo,D2-08ND3,,54,1,,,,,,,,0,,
62,E078,"SERIAL MODULE W/3 RS-232 PORTS USE W/DO-MORE, WINPLC & H2-EBC100",0,,0,1,Automation Direct,,H2-SERIO,,179,1,,,,,,,,0,,
63,E079,AD PLC Filler,0,,0,1,Automation Direct,,D2-FILL,,12,1,,,,,,,,0,,
64,E080,DL205 4-point RTD Module,0,,0,0,Automation Direct,,F2-04RTD,,310,1,,,,,,,,0,,
65,E100A,"12.1"" Touchscreen, 1280X800",0,,0,0,,Proface,SP-5600WA,,2000,1,,,,,,,,0,,
66,E100B,Box module for E100A Touchscreen,0,,0,0,,,PFXP5B10,,1000,1,,,,,,,,0,,
67,E121P,LabJack U6-Pro,0,,0,0,,,,,369,1,,,,,,,,0,,
68,E130,Industrial Ethernet Connectors and Cables FL SWITCH SFN 5TX 5 COPPER WIRE PORTS,0,,0,1,Eoff,Phoenix Contact,2891152,,81.24,1,http://datasheet.octopart.com/2891152-Phoenix-Contact-datasheet-9633803.pdf,,,,,,,0,,
69,F001,Eaton D7PF2AT1 Cutler Hammer Power RELAY 24VDC 15A DPDT DIN Rail,11,,0,18,Platt,Eaton / Cutler Hammer,D7PF2AT1,,7.25,1,http://datasheet.octopart.com/D7PF2AT1-Cutler-Hammer-datasheet-21198425.pdf,,,,,,,0,79.75,
70,F002,Eaton / Cutler Hammer D7PA9 C-H 2 POLE SOCKET FOR D7 1 AN,11,,0,18,Platt,Eaton / Cutler Hammer,D7PA9,,7.7,1,,,,,,,,0,84.7,
71,F003,"Clip, hold down",10,,0,18,Platt,Eaton,PQC-1342,,0.8,1,,,,,,,,0,8,
72,F020,Terminal Block Relay 24VDC Coil SPDT : Complete Block and Relay,5,,0,0,Eoff,Phoenix Contact,2966171,Phoenix 2966171 PLC-RSC-24DC/21 Relay Module w/Screw Connection & Pluggable Miniature Relay 24 VDC,9.86,1,http://datasheet.octopart.com/2966171-Phoenix-Contact-datasheet-15541769.pdf,,,,,,,0,49.3,
73,F021,Terminal Block Relay - Block only,5,,0,0,Eoff,Phoenix Contact,2966016,Bare Base Term Block Screw Connection 24vdc Input 1pdt Contact Green Plastic Housing 6.2mm Pitch,,1,http://datasheet.octopart.com/2966016-Phoenix-Contact-datasheet-32749564.pdf,,,,,,,0,,
74,F030,"Terminal Block DPDT Relay 24VDC Coil, 250V 8A continuous, LED indicator light",12,,0,3,Eoff,Phoenix Contact,2903334,Phoenix 2903334 RIF-1-RPT-LDP-24DC/2X21 Relay Module 18 Milli-Amp Input 2 Pole,8.42,1,http://datasheet.octopart.com/2903334-Phoenix-Contact-datasheet-34215345.pdf,,,,,,,0,101.04,
75,F040,On/Off delay relay timer ,0,,1,1,Allied,Schneider/Magnecraft,822TD10H-UNI,0.1s-10d; E-Mech; DPDT; 15A@240VAC/24VDC; Ctrl-V12-240; DIN Rail,60.35,1,,,,,,,,0,,60.35
76,F050,"Dr2260d20v/Ssr Relay, Din Rail Mount 22.5mm, 600vac/20a, 4-32vdc In, Zero Cross / Rohs: y",0,,3,3,Mouser,Crydom,DR2260D20V,,62,1,http://datasheet.octopart.com/DR2260D20V-Crydom-datasheet-57737285.pdf,,,,,,,0,,186
77,FH-254-1x13,"Female Headers, 0.1"" 13-position",67,,0,4,,China,,100 for 14.99 on ebay,0.15,1,,,,,,,,0,10.05,
78,G001,USB A Male to Female 1M,0,,0,0,eBay,,,,5,1,,,,,,,,0,,
79,H000,"15 W Watt, Single Output, 24V@0.63A DIN Rail Mount Power Plastic AC-DC Power Supply",0,,0,0,Allied,Mean Well,DR-15-24,,10.918,1,http://datasheet.octopart.com/DR-15-24-Mean-Well-datasheet-10901262.pdf,,,,,,,0,,
80,H001,110VAC to 24VDC 1.5A DIN RAIL Power Supply 30W T-Shape,0,,2,1,Allied,Mean Well,DR-30-24,AC-DC Industrial DIN rail power supply; Output 24Vdc at 1.5A; plastic T-shape,17.54,1,http://datasheet.octopart.com/DR-30-24-Mean-Well-datasheet-10900789.pdf,,,,,,,0,,35.08
81,H002,110VAC to 5VDC 2.4A DIN RAIL Power Supply  T-Shape,2,,2,2,Allied,Mean Well,DR-15-5,AC-DC Industrial DIN rail power supply; Output 5Vdc at 2.4A; plastic T-shape,15.36,1,http://datasheet.octopart.com/DR-15-5-Mean-Well-datasheet-10901262.pdf,,,,,,,0,30.72,30.72
82,H003,110VAC to 24VDC 2.5A DIN RAIL Power Supply 60W T-Shape,0,,1,1,Allied,Mean Well,DR-60-24,AC-DC Industrial DIN rail power supply; Output 24Vdc at 2.5A; plastic T-shape,23.77,1,http://datasheet.octopart.com/DR-60-24-Mean-Well-datasheet-10900892.pdf,,,,,,,0,,23.77
83,H004,110VAC to 24VDC 4.2A DIN RAIL Power Supply 100W T-Shape,0,,0,0,Allied,Mean Well ,DR-100-24,AC-DC Industrial DIN rail power supply; Output 24Vdc at 4.2A; plastic T-shape,34.1,1,http://datasheet.octopart.com/DR-100-24-Mean-Well-datasheet-10901488.pdf,,,,,,,0,,
84,H010,110VAC to 24VDC 5A DIN RAIL Power Supply 120W,0,,3,3,Allied,Mean Well,DR-120-24,Power Supply; AC-DC; 24V@5A; 88-132/176-264V In; Enclosed; DIN Rail Mount; DR Series,41.61,1,http://datasheet.octopart.com/DR-120-24-Mean-Well-datasheet-10901323.pdf,,,,,,,0,,124.83
85,H011,110VAC to 24VDC 10A DIN RAIL Power Supply 240W,0,,0,0,Allied,Mean Well,DRP-240-24,DRP-240 Series 240 W Single Output 24 V AC/DC Industrial DIN Rail Power Supply,63.87,1,http://datasheet.octopart.com/DRP-240-24-Mean-Well-datasheet-10901456.pdf,,,,,,,0,,
86,H020,"USB PORT POWER SUPPLY (AC ADAPTER), 5V, 1A (1000mA)",0,,0,0,Allied,Adafruit Industries,501,,6.18,1,http://datasheet.octopart.com/501-Adafruit-Industries-datasheet-21189949.pdf,,,,,,,0,,
87,H030,Power Supply; AC-DC; 5V@3A; 100-264V In; Enclosed; Panel Mount; Switching; RS Series,1,,0,0,Allied,Mean Well,RS-15-5,,10.71,1,http://datasheet.octopart.com/RS-15-5-Mean-Well-datasheet-10901383.pdf,,,,,,,0,10.71,
88,H040,120VAC / 24VAC 1.67A Transformer,0,,0,0,Allied,White Rodgers,90-T40F1,Transformer; Energy Lmt; Foot Mount; Pri: 120V; Sec: 24V; 40VA; 60Hz; 1.67A IO,11.47,1,http://datasheet.octopart.com/90-T40F1-White-Rodgers-datasheet-9666914.pdf,,,,,,,0,,
89,HW-MFST-M2.5-12x6-NYLON,"Male Female standoff, Nylon, M2.5 Thread, 12mm standoff height, 6mm threaded",4,,0,8,,,,$10 for 100,0.1,1,,,,,,,,0,0.4,
90,HW-MFST-M2.5-5x5-NYLON,"Male Female standoff, Nylon, M2.5 Thread, 5mm standoff height, 5mm threaded",0,,0,0,,,,$11 for 100,0.11,1,,,,,,,,0,,
91,HW-MFST-M2.5-6x6-NYLON,"Male Female standoff, Nylon, M2.5 Thread, 6mm standoff height, 6mm threaded",5,,0,10,,,,$12 for 100,0.12,1,,,,,,,,0,0.6,
92,HW-NUT-M2.5-NYLON,Standard M2.5 Nylon nut,4,,0,8,,,,,0.05,1,,,,,,,,0,0.2,
93,K001,"3-position switch, 2NO 22mm",3,,0,2,Eoff,Idec,HW1S-3TF20,Switch Selector N.O. DPST 45Â° Knob 10A 440VAC 220VDC 745.7VA Screw 500000Cycles Panel Mount,15.34,1,http://datasheet.octopart.com/HW1S-3TF20-Idec-datasheet-20363.pdf,,,,,,,0,46.02,
94,K002,"2-position switch, 1NO1NC",0,,0,1,Eoff,Idec,HW1S-2TF11,Switch Selector N.O./N.C. DPST 90Â° Knob 10A 440VAC 220VDC 745.7VA Screw 500000Cycles Panel Mount,15.34,1,http://datasheet.octopart.com/HW1S-2TF11-Idec-datasheet-41168655.pdf,,,,,,,0,,
95,K004,2P Switch Green LED 24VDC  22mm,0,,0,0,Galco,Idec,HW1F-2F20QD-G-24V,Switch Selector N.O. DPST 90Â° Knob 10A 440VAC 220VDC 745.7VA Screw 500000Cycles Panel Mount,32.06,1,http://datasheet.octopart.com/HW1F-2F20QD-G-24V-Idec-datasheet-10407442.pdf,,,,,,,0,,
96,K005,2P Switch Green LED 120VAC 22mm,0,,0,0,Galco,Idec,HW1F-2F20H2D-G,Switch Selector N.O. DPST 90Â° Knob 10A 440VAC 220VDC 745.7VA Screw 500000Cycles Panel Mount,47.66,1,http://datasheet.octopart.com/HW1F-2F20H2D-G-Idec-datasheet-8450967.pdf,,,,,,,0,,
97,K006,Switch 16mm Push Button Square Maintained Green LED 24 DPDT,0,,0,0,Galco,Idec,LB2L-A1T64G,"Switch, pushbtn; Sqr; 24V LED; 16mm mnt; Std bzl; DPDT; Sldr tabs; Green",19.59,1,http://datasheet.octopart.com/LB2L-A1T64G-Idec-datasheet-38231321.pdf,,,,,,,0,,
98,K007,Switch 22mm Push Button Square Maintained Green LED 24V 2NO,0,,0,6,Galco,Idec,HW2L-A1F20QD-G-24V,Switch Push Button N.O. DPST Flush Square Button 10A 440VAC 220VDC 745.7VA Maintained Contact Screw Panel Mount,26.59,1,http://datasheet.octopart.com/HW2L-A1F20QD-G-24V-Idec-datasheet-8450967.pdf,,,,,,,0,,
99,K008,Switch 16mm Push Button Square Maintained Red LED 24 DPDT,0,,0,0,Galco,Idec,LB2L-A1T64R,"Switch, pushbtn; Sqr; 24V LED; 16mm mnt; Std bzl; DPDT; Sldr tabs; Green",19.59,1,http://datasheet.octopart.com/LB2L-A1T64G-Idec-datasheet-38231321.pdf,,,,,,,0,,
100,K009,Switch 22mm Push Button Square Maintained Red LED 24V 2NO,0,,0,0,Galco,Idec,HW2L-A1F20QD-R-24V,Switch Push Button N.O. DPST Flush Square Button 10A 440VAC 220VDC 745.7VA Maintained Contact Screw Panel Mount,31.78,1,http://datasheet.octopart.com/HW2L-A1F20QD-G-24V-Idec-datasheet-8450967.pdf,,,,,,,0,,
101,K010,"Disconnect Switch, 3-P, 25A/600V, Non-Fusible, UL508 Listed, Open, Switch Only - Less Operating Mech",2,,0,2,Platt,ABB Control,OT25F3,,41.98,1,http://datasheet.octopart.com/OT25F3-ABB-Control-datasheet-10025760.pdf,,,,,,,0,83.96,
102,K015,Selector Handles Red/Yel N3r/12 Non-Def,1,,0,0,Platt,ABB Control,OHYS2AJ1,,16.32,1,,,,,,,,0,16.32,
103,K016,Selector Handles Black N3r/12 Non-Def,0,,0,2,Platt,ABB Control,OHBS2AJ1,,16.32,1,http://datasheet.octopart.com/OHBS2AJ1-ABB-Control-datasheet-12993780.pdf,,,,,,,0,,
104,K020,Disconnect Shaft,0,,0,2,Platt,ABB Control,OXS6X180,"Operating Shaft, 6mm Square X 180mm For Use Only With Selector Handle",3.5,1,http://datasheet.octopart.com/OXS6X180-ABB-Control-datasheet-37468498.pdf,,,,,,,0,,
105,K030,"Emergency Stop, 1NO, 1NC",0,,0,3,Eoff,Idec,HW1B-V4F11-R,Switch Emergency Stop N.O./N.C. SPST/SPST Mushroom Button 10A 440VAC 220VDC 745.7VA Screw Panel Mount,28.35,1,http://datasheet.octopart.com/HW1B-V4F11-R-Idec-datasheet-37167031.pdf,,,,,,,0,,
106,K040,Contact Block NO,7,,0,5,Eoff,Idec,HW-F10,"General Accessories. Product Type Contact block, Brand IDEC. Contact block, normally open, type HW-F10. Rated 600V 10A.",4.89,1,http://datasheet.octopart.com/HW-F10-Idec-datasheet-20363.pdf,,,,,,,0,34.23,
107,K041,Contact Block NC,6,,0,0,Eoff,Idec,HW-F01,"General Accessories. Product Type Contact block, Brand IDEC. Contact block, normally closed, type HW-F01. Rated 600V ...",4.89,1,http://datasheet.octopart.com/HW-F01-Idec-datasheet-20363.pdf,,,,,,,0,29.34,
108,K045,LED HOLDER For Contact Blocks,0,,0,0,Eoff,Idec,HW-LH3,"Lead Holder, For Use W/ HW-CBL on all Ill PB's, One Req'd per Deck/Set of Contacts",0.3408,1,http://datasheet.octopart.com/HW-LH3-Idec-datasheet-8450967.pdf,,,,,,,0,,
109,K060,Round 22mm Green Dome LED 120VAC,5,,0,0,Eoff,Idec,HW1P-2FQD-G-120V-BULK50,HW PL Dome Green LED FV 120VAC,14.02,1,,,,,,,,0,70.1,
110,K061,Round 22mm Red Dome LED 120VAC,3,,0,0,Eoff,Idec,HW1P-2FQD-R-120V,HW PL Dome Red LED FV 120VAC,14.02,1,,,,,,,,0,42.06,
111,K066,Round 16mm Red Dome LED 120VAC,0,,0,0,Eoff,Idec,HA1P-18-R,HW PL Dome Red LED FV 120VAC,20,1,,,,,,,,0,,
112,K071,14mm prominent bright chrome bezel IP67 sealed RED 12V,1,,0,0,Allied,APEM,Q14P1CXXR110E,,7.365,1,http://datasheet.octopart.com/Q14P1CXXR110E-Apem-datasheet-9561826.pdf,,,,,,,0,7.365,
113,K080,Round 22mm Green Dome LED 24VDC,0,,0,7,Eoff,Idec,HW1P-2FQD-G-24V,"Pilot Light, Grn, 24V Direct, LED, Full Voltage, 22mm Mounting, LED, Round Dome Lens, Blk Nylon Bezel",13.83,1,http://datasheet.octopart.com/HW1P-2FQD-G-24V-Idec-datasheet-2344.pdf,,,,,,,0,,
114,K081,Round 22mm Red Dome LED 24VDC,2,,0,3,Eoff,Idec,HW1P-2FQD-R-24V,"Pilot Light, Red, 24V Direct, LED, Full Voltage, 22mm Mounting, LED, Round Dome Lens, Blk Nylon Bezel",13.83,1,http://datasheet.octopart.com/HW1P-2FQD-R-24V-Idec-datasheet-54592.pdf,,,,,,,0,27.66,
115,K090,Pilot Light Green 24VDC 16mm,0,,0,0,Eoff,Idec,AP6M122-G,"Pilot Light, Grn, 24VDC Direct, LED Full Voltage, 16mm Mounting, LED Flat Lens, 0.110"" Terminals",8.55,1,http://datasheet.octopart.com/AP6M122-G-Idec-datasheet-8482972.pdf,,,,,,,0,,
116,K091,Pilot Light Red 24VDC 16mm,0,,0,0,Eoff,Idec,AP6M122-R,"Pilot Light, Red, 24VDC Direct, LED Full Voltage, 16mm Mounting, LED Flat Lens, 0.110"" Terminals",6.905,1,http://datasheet.octopart.com/AP6M122-R-Idec-datasheet-9563968.pdf,,,,,,,0,,
117,K095,Switch 16mm Push Button Round Momentary LED 24V Green,0,,0,0,Eoff,Idec,AL6M-M24P-G,"Pushbutton, Mom, Grn, Ext, 24V Direc Full Voltage, 16mm Mounting, LED DPDT Output, Round Lens, IP65 Rated",14.5,1,http://datasheet.octopart.com/AL6M-M24P-G-Idec-datasheet-8450967.pdf,,,,,,,0,,
118,K096,Switch 16mm Push Button Round Momentary LED 24V Red,0,,0,0,Eoff,Idec,AL6M-M24P-R,"Pushbutton, Mom, Red, Ext, 24V Direc Full Voltage, 16mm Mounting, LED DPDT Output, Round Lens, IP65 Rated",14.5,1,http://datasheet.octopart.com/AL6M-M24P-G-Idec-datasheet-8450967.pdf,,,,,,,0,,
119,K100,Mallory Panel Mount Buzzer,0,,0,0,Mouser,Mallory Sonalert,SC628DPR,Audio 6VDC 28VDC 23mA 60dBA 1600Hz to 2200Hz Screw Panel Mount,29.97,1,http://datasheet.octopart.com/SC628DPR-Mallory-Sonalert-datasheet-8554689.pdf,,,,,,,0,,
120,K110,Mallory Volume Shutter,1,,0,0,Mouser,Mallory Sonalert,SCVC,Volume Control; 10 to 15 dB,0.8453,1,http://datasheet.octopart.com/SCVC-Mallory-Sonalert-datasheet-8515073.pdf,,97,,,,,0,0.8453,
121,K120,POTENTIOMETER 22m 5K OHM,0,,0,0,Automation Direct,Automation Direct,ECX2300-5K,POTENTIOMETER 22m 5K OHM,36.5,1,,,,,,,,0,,
122,K121,POTENTIOMETER 22m 10K OHM,0,,0,2,Automation Direct,Automation Direct,ECX2300-10K,POTENTIOMETER 22m 10K OHM,36.5,1,,,,,,,,0,,
123,K130,Switch Toggle ON None ON DPDT Bat Lever Quick Conn 15A 250VAC 559.27VA Panel Mount with Threads,0,,0,0,,Carling Technologies,2GL51-73,,4.44,1,http://datasheet.octopart.com/2GL51-73-Carling-datasheet-33575.pdf,,,,,,,0,,
124,K131,Switch Toggle ON OFF ON DPDT Bat Lever Quick Conn 15A 250VAC 559.27VA Panel Mount with Threads,0,,0,0,,Carling Technologies,2GM51-73,,4.36,1,http://datasheet.octopart.com/2GM51-73-Carling-datasheet-33575.pdf,,,,,,,0,,
125,K135,Switch Toggle ON OFF ON 3PDT Round Lever Quick Conn 25A 250VAC 30VDC Panel Mount with Threads,0,,0,0,,NKK Switches,S33F,,11.29,1,http://datasheet.octopart.com/S33F-NKK-Switches-datasheet-11554349.pdf,,,,,,,0,,
126,K140,"Pushbutton momentary, Black, blue LED, small",0,,0,0,,,,,5,1,,,,,,,,0,,
127,K141,"Pushbutton momentary, Silver finish, blue LED, medium",0,,0,0,,,,,8,1,,,,,,,,0,,
128,L001,Shop Labor,9936,,0,64,,,,42.5,0,1,,,,,,,,0,,
129,L002,Assembly Time,995,,0,0,,,,60,0,1,,,,,,,,0,,
130,L003,Controls / Programming Time,995,,0,0,,,,80,0,1,,,,,,,,0,,
131,L004,Consulting Time,1000,,0,0,,,,100,0,1,,,,,,,,0,,
132,L005,Engineering Time,1000,,0,10,,,,100,0,1,,,,,,,,0,,
133,LIPO-1600,1600mAh LiPo battery,1,,0,0,eBay,China,,,12,1,,,,,,,,0,12,
134,LIPO-3000-FLAT,3000mAh LiPo Battery,1,,0,0,Amazon,Ofeeley,,,16.99,1,,,,,,,,0,16.99,
135,LIPO-600,600mAh LiPo battery,3,,0,0,eBay,China,,,5,1,,,,,,,,0,15,
136,LIPO-800,800mAh LiPo battery,5,,0,2,eBay,China,,,3,1,,,,,,,,0,15,
137,MH-254-1x40,"Male Headers, 0.1"" 40 strip",1,,0,2,,China,,,0.1,1,,,,,,,,0,0.1,
138,MH-254-2x4,"Male Headers, 0.1"" 2x4",0,,0,0,,China,,50/7.50,0.15,1,,,,,,,,0,,
139,P001,CuPID RF HAT Board,0,,0,0,II,,,,20,1,,,,,,,,0,,
140,P002,CuPID RF HAT Board w/ RS485,0,,0,0,II,,,Typical brewpanel board,20,1,,,,,,,,0,,
141,P005,CuPID Output Board,49,,0,0,II,,,,10,1,,,,,,,,0,490,
142,P006,CuPID Small Mote Board,4,,0,0,II,,,,10,1,,,,,,,,0,40,
143,P007,CuPID SPI Lights Board,9,,0,0,II,,,,10,1,,,,,,,,0,90,
144,P009,CuPID Small Mote Brewpanel,,,,,II,,,,10,1,,,,,,,,,,
145,P010,"OneWire Hub : 6 Sensor + 2 Bus, designed to fit WC22F",0,,0,0,,,,"Takes 8 x Q061, optional LED

$54.50 for six OSH Park boards 07/19/15",9.25,1,,,,,,,,0,,
146,P011,SMD Mosfet LED board. Header mount fit,0,,0,0,,,,,15,1,,,,,,,,0,,
147,Q001,Interface; I2C-1 wire; 1.8÷5.5VDC; SOT23-6,0,,0,0,Digikey,Maxim Integrated,DS2483R+U,,0.949,1,http://datasheet.octopart.com/DS2483R%2BU-Maxim-Integrated-datasheet-13718177.pdf,,,,,,,0,,
148,Q010,RS-485 Breakout - BOB-10124,9,,0,2,,SparkFun,BOB-10124," Description: This is a breakout board for the SP3485 RS-485 transceiver IC, which will co...",9.95,1,,,,,,,,0,89.55,
149,Q015,MIghtyBoost Power Supply Board,3,,0,2,LowPowerLab,,,,19.95,1,,,,,,,,0,59.85,
150,Q020,Moteino RFM69HW Module 433MHZ,0,,0,0,,LowPowerLab,R4,,19.95,1,,,,,,,,0,,
151,Q021,Moteino RFM69HW Module 916MHZ,0,,0,2,,LowPowerLab,R4,,19.95,1,,,,,,,,0,,
152,Q030,Adafruit Perma-Proto Small Mint Tin Size Breadboard ,0,,0,0,,Adafruit Industries,1214,,2.75,1,,,,,,,,0,,
153,Q031,Adafruit Perma-Proto Half-sized Breadboard PCB - Single,0,,0,0,,Adafruit Industries,1609,,4.5,1,,,,,,,,0,,
154,Q050,GPIO Stacking Header for Raspberry Pi B+ - Extra-long 2x20 Pins,0,,0,2,,Adafruit Industries,2223,,2.5,1,,,,,,,,0,,
155,Q055,"Ethernet Jack, PCB Mount, Shielded, right angle",4,,0,8,ebay,China,,,0.4,1,,,,,,,,0,1.6,
156,Q059,"JUMPER 0.1"" 2-position",2,,0,0,,,,,0.03,1,,,,,,,,0,0.06,
157,Q060-DIP-8,"32Kb I2C Serial EEPROM, DIP8 package",0,,0,0,,,24C32,,0.5,1,,,,,,,,0,,
158,Q060-SOIC-8,"32Kb I2C Serial EEPROM, SOIC8 package",0,,0,0,,,24C32,,0.5,1,,,,,,,,0,,
159,Q065-DIP-16,"Optoisolator, 4-channel PS2501-4, DIP 16 package",0,,0,0,,,,$8.22/10,0.82,1,,,,,,,,0,,
160,Q066-DIP-8,"ATTiny 85 microcontroller, DIP 8 package",0,,0,0,,,,,0.15,1,,,,,,,,0,,
161,Q068-DIP-28,"ATMEGA328P Microcontroller, DIP 28 package",0,,0,0,,,,$17.50/10,1.75,1,,,,,,,,0,,
162,Q080-SOIC-8,IC: multiplexer; Channels: 8; SO16; 2.8÷5.25VDC,10,,0,0,,Maxim Integrated,DS2408,,4.713,1,http://datasheet.octopart.com/DS2408S%2B-Dallas-Semiconductor-datasheet-13718055.pdf,,,,,,,0,47.13,
163,RES-103-A-1/4,"Axial resistor, 1/4W 1K 10%",0,,0,0,,,,,0.1,1,,,,,,,,0,,
164,RES-106-A-1/4,"Axial resistor, 1/4W 1M 10%",0,,0,0,,,,,0.1,1,,,,,,,,0,,
165,RES-193-A-1/4,"Axial resistor, 1/4W 1.9K 10%",0,,0,0,,,,,0.1,1,,,,,,,,0,,
166,RES-393-A-1/4,"Axial resistor, 1/4W 3.9K 10%",0,,0,0,,,,,0.1,1,,,,,,,,0,,
167,RES-502-A-1/4-5,"Axial resistor, 1/4W 500R 5%",17,,0,0,,,,,0.1,1,,,,,,,,0,1.7,
168,RES-522-A-1/4,"Axial resistor, 1/4W 522R 10%",0,,0,0,,,,,0.1,1,,,,,,,,0,,
169,RES-5232-A-1/4 - 1,"Axial resistor, 1/4W 523R 1%",17,,0,0,,,,,0.1,1,,,,,,,,0,1.7,
170,RES-722-A-1/4,"Axial resistor, 1/4W 722R 10%",0,,0,0,,,,,0.1,1,,,,,,,,0,,
171,RES-7322-A-1/4 - 1,"Axial resistor, 1/4W 732R 1%",17,,0,0,,,,,0.1,1,,,,,,,,0,1.7,
172,S001,Platinum RTD. PT100 (6 ft. cable),6,,0,0,Auberin,Auberin,PT100S,,15.65,1,,,,,,,,0,93.9,
173,S002,"RTD IN 8"" thermowell, 2' cable",0,,0,0,Auber,Auber,,Custom quote dated 4/28,34.3,1,,,,,,,,0,,
174,S003,"RTD IN 8"" thermowell, 20' cable",0,,0,3,Auber,Auber,,Custom quote dated 4/28,45.3,1,,,,,,,,0,,
175,S005,"Waterproof DS18B20 1Wire temperature sensor, potted, with 1M cable",41,,0,0,eBay,,,,8,1,,,,,,,,0,328,
176,S006,"Waterproof DS18B20 1Wire temperature sensor, potted, with 2M cable",0,,0,0,eBay,,,,10,1,,,,,,,,0,,
177,S010,"SS Optical Level Sensor, 1/2"" NPT fitting",0,,0,0,Dwyer,Dwyer,OLS-10,"LED indication, NPN",91.5,1,http://www.dwyer-inst.com/Product/Level/LevelSwitches/Optical/SeriesOLS#literature,,,,,,,0,,
178,S011,"CTF Tuning fork level sensor, 1/2"" NPT fitting",0,,1,1,Dwyer,Proximity,CTF-01,,230,1,http://www.dwyer-inst.com/Product/Level/LevelSwitches/TuningFork/ModelCTF,,,,,,,0,,230
179,ST-025-4-GRN,"2.54mm pitch screw terminals, 4-position",0,,0,0,,,,,,1,,,,,,,,0,,
180,ST-035-2-GRN,"3.5mm pitch screw terminals, 2-position",0,,0,0,,,,,,1,,,,,,,,0,,
181,ST-035-3,"3.5mm pitch screw terminals, 3-position",0,,0,0,,,,,,1,,,,,,,,0,,
182,ST-035-4,"3.5mm pitch screw terminals, 4-position",0,,0,0,,,,,,1,,,,,,,,0,,
183,ST-050-2-BLU,"5mm pitch screw terminals, 2-position",0,,0,0,dipmicro,,,"12-24awg, 10A, 500MR @ 500V",0.15,1,,,,,,,,0,,
184,ST-050-2-GRN,"5mm pitch screw terminals, 2-position",0,,0,0,dipmicro,,,"12-24awg, 10A, 500MR @ 500V",0.15,1,,,,,,,,0,,
185,ST-050-3-GRN,"5mm pitch screw terminals, 3-position",0,,0,0,dipmicro,,,"12-24awg, 10A, 500MR @ 500V",0.2,1,,,,,,,,0,,
186,T001,DIODE 1A,95,,0,0,Mouser,Fairchild Semiconductor,1N4007,1.0A General Purpose Rectifier DO-41,0.0206,1,http://datasheet.octopart.com/1N4007-Fairchild-Semiconductor-datasheet-8328374.pdf,,,,,,,0,1.957,
187,T020,Diode,0,,0,0,UNKNOWN,,,,1,1,,,,,,,,0,,
188,U001,Double Level Terminal Block,38,,0,120,Eoff,Phoenix Contact,3038464,Conn Feed-Through Modular Terminal Blocks F 4 POS T DIN Rail 22A,2.4,1,http://datasheet.octopart.com/3038464-Phoenix-Contact-datasheet-33588073.pdf,,,,,,,0,91.2,
189,U002,Double Level Ground Terminal Block,1,,0,6,Eoff,Phoenix Contact,3038480,"2-level terminal blocks with spring-cage connection, cross section: 0.08 - 2.5 mm Square , width: 5.2 mm, colo",6.77,1,http://datasheet.octopart.com/3038480-Phoenix-Contact-datasheet-33588083.pdf,,,,,,,0,6.77,
190,U003,Double Level Terminal Block Endcover,31,,0,7,Eoff,Phoenix Contact,3038503,End Cover; Term Blk; DIN Rail; 78 mm L; 2.2 mm W; 54.5 mm H; Gray,0.62,1,http://datasheet.octopart.com/3038503-Phoenix-Contact-datasheet-9914954.pdf,,,,,,,0,19.22,
191,U004,Double Level Terminal Block - Blue,30,,0,0,Eoff,Phoenix Contact,3038493,"Double-level terminal blocks with a spring-cage connection, cross section: 0.08 mm2 - 2.5 mm2, width: 5.2 mm,",3.2388,1,http://datasheet.octopart.com/3038493-Phoenix-Contact-datasheet-33588090.pdf,,,,,,,0,97.164,
192,U010,Single Level Terminal Block,154,,0,14,Eoff,Phoenix Contact,3036398,Standard Feed-Thru Terminal Block 20A 600V - STS25,1.1,1,http://datasheet.octopart.com/3036398-Phoenix-Contact-datasheet-34230691.pdf,,,,,,,0,169.4,
193,U011,Single Level Ground Terminal Block,11,,0,0,Eoff,Phoenix Contact,3036411,Conn Spring Cage F 2 POS ST T DIN Rail,4,1,http://datasheet.octopart.com/3036411-Phoenix-Contact-datasheet-34230692.pdf,,,,,,,0,44,
194,U012,Single Level Terminal Block End Cover,39,,0,1,Eoff,Phoenix Contact,3031762,Terminal Block End Barrier D-STS 2.5 D-STS Series - D-STS25,0.5,1,http://datasheet.octopart.com/3031762-Phoenix-Contact-datasheet-11794778.pdf,,,,,,,0,19.5,
195,U020,Circuit Breaker Terminal Block,11,,0,9,Eoff,Phoenix Contact,3036372,Fuse; 10 AWG/kcmil (Max.) (Conductor Cross Section); Black; 1; 2; PA; Flat; 3;,4.67,1,http://datasheet.octopart.com/3036372-Phoenix-Contact-datasheet-32749566.pdf,,,,,,,0,51.37,
196,U040,JUMPER 2POS,45,,0,0,Eoff,Phoenix Contact,3030161,"Cross connector/jumper for modular terminal block, Number of positions: 2, Color: red",0.42,1,http://datasheet.octopart.com/3030161-Phoenix-Contact-datasheet-11845.pdf,,,,,,,0,18.9,
197,U041,JUMPER 3POS,46,,0,4,Eoff,Phoenix Contact,3030174,"Cross connector/jumper for modular terminal block, Number of positions: 3, Color: red",0.9732,1,http://datasheet.octopart.com/3030174-Phoenix-Contact-datasheet-72967.pdf,,,,,,,0,44.7672,
198,U042,JUMPER 4POS,47,,0,4,Eoff,Phoenix Contact,3030187,"Cross connector/jumper for modular terminal block, Number of positions: 4, Color: red",1.525,1,http://datasheet.octopart.com/3030187-Phoenix-Contact-datasheet-17379.pdf,,,,,,,0,71.675,
199,U043,JUMPER 5POS,45,,0,4,Eoff,Phoenix Contact,3030190,"Cross connector/jumper for modular terminal block, Number of positions: 5, Color: red",1.8719,1,http://datasheet.octopart.com/3030190-Phoenix-Contact-datasheet-5312280.pdf,,,,,,,0,84.2355,
200,U044,JUMPER 10POS,13,,0,2,Eoff,Phoenix Contact,3030213,"Cross connector/jumper for modular terminal block, Number of positions: 10, Color: red",3.6517,1,http://datasheet.octopart.com/3030213-Phoenix-Contact-datasheet-77678.pdf,,,,,,,0,47.4721,
201,U047,"TB Breaker Jumper, cut to length, Blue, 500mm",1,,0,0,,Phoenix Contact,2966692,Blue 500mm Length Insulated Can Be Cut To Length For Power Distribution With Plc Term Blocks,20.5257,1,http://datasheet.octopart.com/2966692-Phoenix-Contact-datasheet-79763.pdf,,,,,,,0,20.5257,
202,U048,TB Circuit Breaker Jumper 5POS,9,,0,3,Eoff,Phoenix Contact,3030310,Bridge; Plug-In Bridge; 5; Red; Cross connections in the terminal center.,2.3571,1,http://datasheet.octopart.com/3030310-Phoenix-Contact-datasheet-90650.pdf,,,,,,,0,21.2139,
203,U049,Phoenix Vertical Terminal Block Jumper,7,,0,0,Eoff,Phoenix Contact,3047358,Terminal Block Center Jumper FBS Series - FBS-PVUT,1.05,1,http://datasheet.octopart.com/3047358-Phoenix-Contact-datasheet-33030413.pdf,,,,,,,0,7.35,
204,U060,TB MARKERS 1-10,4,,0,8,Eoff,Phoenix Contact,1050017:0001,ZB Marking Strip (1 strip of 10 labels) marked 1 to 10 printed horizontally 5mm,1.65,1,http://datasheet.octopart.com/1050017%3A0001-Phoenix-Contact-datasheet-37183515.pdf,,,,,,,0,6.6,
205,U061,TB MARKERS 11-20,14,,0,5,Eoff,Phoenix Contact,1050017:0011,Connector Accessories Zack Marker Strip Labeled Horizontally Polyamide White,1.65,1,http://datasheet.octopart.com/1050017%3A0011-Phoenix-Contact-datasheet-37183516.pdf,,,,,,,0,23.1,
206,U062,TB MARKERS 21-30,26,,0,1,Eoff,Phoenix Contact,1050017:0021,Connector Accessories Zack Marker Strip Labeled Horizontally Polyamide White,1.65,1,http://datasheet.octopart.com/1050017%3A0021-Phoenix-Contact-datasheet-11747040.pdf,,,,,,,0,42.9,
207,U063,TB MARKERS 31-40,29,,0,0,Eoff,Phoenix Contact,1050017:0031,Connector Accessories Zack Marker Strip Labeled Horizontally Polyamide White,1.65,1,http://datasheet.octopart.com/1050017%3A0031-Phoenix-Contact-datasheet-41179079.pdf,,,,,,,0,47.85,
208,U070,DIN Rail End Stop,17,,0,17,Eoff,Phoenix Contact,0800886,Phoenix 0800886 E/NS 35 N Terminal Block End Clamp 9.5mm Width Gray,1.08,1,http://datasheet.octopart.com/0800886-Phoenix-Contact-datasheet-32749539.pdf,,,,,,,0,18.36,
209,U101,"Terminal block, five terminal, screw terminals, plastic cover",22,,0,0,,,,,7,1,,,,,,,,0,154,
210,V010,15A Straight Plug NEMA 4,0,,0,1,Platt,Leviton,5266-C,"15 Amp Plug, 125V, 5-15P, Nylon, Black/White, Industrial Grade",15,1,,,,,,,,0,,
211,V018,"CONNECTOR, M12 FA FEMALE STRAIGHT, 4 POLE, 3-6.5MM CABLE OD, 600005174",3,,0,0,Allied Electronics,,RKC 4/7,,10.48,1,,,,,,,70050957 ,0,31.44,
212,V019,"CONNECTOR, M12 FA MALE STRAIGHT, 4 POLE, BLACK, 3-6.5MM CABLE OD, 600005191",3,,0,0,Allied Electronics,,RSC 4/7,,8.96,1,,,,,,,,0,26.88,
213,V020,"CONNECTOR, M12 FA FEMALE STRAIGHT, 4 POLE, 4-8MM CABLE OD, 600005175",0,,0,0,Allied Electronics,Hirschmann,RKC 4/9,,9.95,1,http://datasheet.octopart.com/RKC-4/9-Hirschmann-datasheet-9561777.pdf,,,,,,70050958 ,0,,
214,V021,"CONNECTOR, M12 FA MALE STRAIGHT, 4 POLE, 4-8MM CABLE OD, 600005192",4,,0,0,Allied Electronics,Hirschmann,RSC 4/9,,9.95,1,http://datasheet.octopart.com/RSC-4/9-Hirschmann-datasheet-9561777.pdf,,,,,,70050963,0,39.8,
215,V030,"JST 2.0mm connector, female plug",0,,0,0,eBay,China,,,0.35,1,,,,,,,,0,,
216,V040,USB to RJ45 adapter pair,2,,0,0,Amazon,,,,8,1,,,,,,,,0,16,
217,V045,USB A right angle to USB B straight. Angle is to right when looking down on USB open hole top,1,,0,0,Amazon,,,,6,1,,,,,,,,0,6,
218,W001,"18/3 SOOW/SJOOW Power Cord, Black, 0.305""",176,,0,0,,,,,1,1,,,,,,,,0,176,
219,W002,"16/3 SOOW/SJOOW Power Cord, Black, 0.39"" diameter",192,,0,14,,,,,1,1,,,,,,,,0,192,
220,W010,"22/3 w/shield Riser cable, stranded, grey",200,,0,0,,,,per foot.,0.125,1,,,,,,,,0,25,
221,Y001,"Wire Duct, 1x2, per foot",4,,0,10,Anixter,,,,2.97,1,,,,,,,,0,11.88,
222,Y002,"Wire Duct, 1.5x2, per foot",6,,0,0,Anixter,,,,2.97,1,,,,,,,,0,17.82,
223,Y003,"Wire Duct, 2x2, per foot",0,,0,0,Anixter,,,,2.97,1,,,,,,,,0,,
224,Y011,"Wire Duct Cover, 1x2, per foot",12,,0,0,Anixter,,,,2.97,1,,,,,,,,0,35.64,
225,Y012,"Wire Duct Cover, 1.5x2, per foot",6,,0,0,Anixter,,,,2.97,1,,,,,,,,0,17.82,
226,Y013,"Wire Duct Cover, 2x2, per foot",0,,0,0,Anixter,,,,2.97,1,,,,,,,,0,,
227,Y030,Cable Entry Straight Thread 0.114-0.25 PG7 (A) 0.492 DIA Hole,67,,0,27,Mouser,Heyco,3207,Liquid Tight Straight-Thru Cordgrips .114 - .25 CABLE PG7 (A) HUB BLACK,0.8,1,http://datasheet.octopart.com/3207-Heyco-datasheet-157225.pdf,,,,,,,0,53.6,
228,Y031,Cable Entry Straight Thread 0.181-0.312 PG9 (B) 0.599 DIA HOLE,41,,0,17,Mouser,Heyco,3210,Liquid Tight Straight-Thru Cordgrips .181 - .312 CABLE PG HUB BLACK,0.89,1,http://datasheet.octopart.com/3210-Heyco-datasheet-157225.pdf,,,,,,,0,36.49,
229,Y032,Cable Entry Straight Thread 0.23-0.394 PG11 (C) 0.733 DIA Hole,57,,0,6,Mouser,Heyco,3213,Liquid Tight Straight-Thru Cordgrips .23 - .395 CABLE PG HUB BLACK,0.95,1,http://datasheet.octopart.com/3213-Heyco-datasheet-157225.pdf,,,,,,,0,54.15,
230,Y033,Cable Entry Straight Thread 0.230-0.530 PG16 (D) 0.886 DIA Hole,16,,0,0,Mouser,Heyco,3219,Liquid Tight Straight-Thru Cordgrips .23 - .53 CABLE PG HUB BLACK,1.35,1,http://datasheet.octopart.com/3219-Heyco-datasheet-157225.pdf,,,,,,,0,21.6,
231,Y040,"Cable Entry 1/2"" NPT 0.095-0.26",92,,0,4,Mouser,Heyco,M4518,,0.98,1,,,,,,,,0,90.16,
232,Y041,"Cable Entry 1/2"" NPT 0.17-0.47",65,,0,0,Mouser,Heyco,M3231,Liquid Tight Straight-Thru Cordgrips LTCG 1/2 NPT BLACK NO NUT,0.862,1,,,,,,,,0,56.03,
233,Y041G,"Cable Entry 1/2"" NPT 0.17-0.47",10,,0,0,Mouser,Heyco,M3231,Liquid Tight Straight-Thru Cordgrips LTCG 1/2 NPT GREY NO NUT,0.862,1,,,,,,,,0,8.62,
234,Y043,"Cable Entry 1/2"" NPT 0.23-0.546",0,,0,0,Mouser,Heyco,M3231,Liquid Tight Straight-Thru Cordgrips LTCG 1/2 NPT BLK NO NUT,1.05,1,,,,,,,,0,,
235,Z001,"DIN RAIL, FT",0,,0,9,Eoff,IDEC,BNDN-1000,,2.75,1,,,,,,,,0,,
236,Z099,Reverse Engraved Panel Label,996,,0,77,Hyak,,,,1,1,,,,,,,,0,996,
